{"cameraMode":{"drawMode":0,"name":"Shaded","section":"Shading Mode"},"sceneLighting":true,"audioPlay":false,"sceneViewState":{"showFog":true,"showMaterialUpdate":false,"showSkybox":true,"showFlares":true,"showImageEffects":true,"showParticleSystems":true},"in2DMode":false,"pivot":{"x":5.227677345275879,"y":0.029346758499741555,"z":2.80147647857666},"rotation":{"x":-0.8101522326469421,"y":0.0014245070051401854,"z":-0.001940289861522615,"w":-0.5862374305725098},"size":2.0891191959381105,"orthographic":true}